Workbook

Sheet Participants
A1: Participant | B1: Q1 | C1: Q2 | D1: Q3 | E1: Q4 | F1: Q5 | G1: Q6 | H1: Q7
A2: 35A | B2: 3 | C2: 4 | D2: 4 | E2: 5 | F2: 2 | G2: 4 | H2: 4
A3: 35B | B3: 5 | C3: 5 | D3: 5 | E3: 4 | F3: 4 | G3: 4 | H3: 5
A4: 34A | B4: 5 | C4: 4 | D4: 4 | E4: 5 | F4: 3 | G4: 5 | H4: 5
A5: 34B | B5: 4 | C5: 4 | D5: 4 | E5: 4 | F5: 2 | G5: 4 | H5: 4
A6: 33A | B6: 4 | C6: 4 | D6: 5 | E6: 4 | F6: 2 | G6: 3 | H6: 5
A7: 33B | B7: 5 | C7: 4 | D7: 4 | E7: 4 | F7: 1 | G7: 4 | H7: 5
A8: 32A | B8: 4 | C8: 4 | D8: 3 | E8: 3 | F8: 3 | G8: 4 | H8: 5
A9: 32B | B9: 1 | C9: 2 | D9: 2 | E9: 3 | F9: 4 | G9: 4 | H9: 4
A10: 31A | B10: 3 | C10: 4 | D10: 3 | E10: 4 | F10: 4 | G10: 4 | H10: 4
A11: 31B | B11: 5 | C11: 5 | D11: 4 | E11: 5 | F11: 4 | G11: 5 | H11: 5
A12: 30A | B12: 5 | C12: 4 | D12: 3 | E12: 4 | F12: 4 | G12: 4 | H12: 5
A13: 30B | B13: 5 | C13: 5 | D13: 4 | E13: 5 | F13: 4 | G13: 4 | H13: 5
... A71: 01B | B71: 4 | C71: 3 | D71: 2 | E71: 4 | F71: 3 | G71: 4 | H71: 5

Sheet Dyad scores
A1: Dyad | B1: Q1 | C1: Q2 | D1: Q3 | E1: Q4 | F1: Q5 | G1: Q6 | H1: Q7
A2: 35 | B2: =MEDIAN(Participants!B2:B3) -> 4 | C2: =MEDIAN(Participants!C2:C3) -> 4.5 | D2: =MEDIAN(Participants!D2:D3) -> 4.5 | E2: =MEDIAN(Participants!E2:E3) -> 4.5 | F2: =MEDIAN(Participants!F2:F3) -> 3 | G2: =MEDIAN(Participants!G2:G3) -> 4 | H2: =MEDIAN(Participants!H2:H3) -> 4.5
A3: 34 | B3: =MEDIAN(Participants!B4:B5) -> 4.5 | C3: =MEDIAN(Participants!C4:C5) -> 4 | D3: =MEDIAN(Participants!D4:D5) -> 4 | E3: =MEDIAN(Participants!E4:E5) -> 4.5 | F3: =MEDIAN(Participants!F4:F5) -> 2.5 | G3: =MEDIAN(Participants!G4:G5) -> 4.5 | H3: =MEDIAN(Participants!H4:H5) -> 4.5
A4: 33 | B4: =MEDIAN(Participants!B6:B7) -> 4.5 | C4: =MEDIAN(Participants!C6:C7) -> 4 | D4: =MEDIAN(Participants!D6:D7) -> 4.5 | E4: =MEDIAN(Participants!E6:E7) -> 4 | F4: =MEDIAN(Participants!F6:F7) -> 1.5 | G4: =MEDIAN(Participants!G6:G7) -> 3.5 | H4: =MEDIAN(Participants!H6:H7) -> 5
A5: 32 | B5: =MEDIAN(Participants!B8:B9) -> 2.5 | C5: =MEDIAN(Participants!C8:C9) -> 3 | D5: =MEDIAN(Participants!D8:D9) -> 2.5 | E5: =MEDIAN(Participants!E8:E9) -> 3 | F5: =MEDIAN(Participants!F8:F9) -> 3.5 | G5: =MEDIAN(Participants!G8:G9) -> 4 | H5: =MEDIAN(Participants!H8:H9) -> 4.5
A6: 31 | B6: =MEDIAN(Participants!B10:B11) -> 4 | C6: =MEDIAN(Participants!C10:C11) -> 4.5 | D6: =MEDIAN(Participants!D10:D11) -> 3.5 | E6: =MEDIAN(Participants!E10:E11) -> 4.5 | F6: =MEDIAN(Participants!F10:F11) -> 4 | G6: =MEDIAN(Participants!G10:G11) -> 4.5 | H6: =MEDIAN(Participants!H10:H11) -> 4.5
A7: 30 | B7: =MEDIAN(Participants!B12:B13) -> 5 | C7: =MEDIAN(Participants!C12:C13) -> 4.5 | D7: =MEDIAN(Participants!D12:D13) -> 3.5 | E7: =MEDIAN(Participants!E12:E13) -> 4.5 | F7: =MEDIAN(Participants!F12:F13) -> 4 | G7: =MEDIAN(Participants!G12:G13) -> 4 | H7: =MEDIAN(Participants!H12:H13) -> 5
A8: 29 | B8: =MEDIAN(Participants!B14:B15) -> 3.5 | C8: =MEDIAN(Participants!C14:C15) -> 4 | D8: =MEDIAN(Participants!D14:D15) -> 3.5 | E8: =MEDIAN(Participants!E14:E15) -> 3.5 | F8: =MEDIAN(Participants!F14:F15) -> 3.5 | G8: =MEDIAN(Participants!G14:G15) -> 3 | H8: =MEDIAN(Participants!H14:H15) -> 4.5
A9: 28 | B9: =MEDIAN(Participants!B16:B17) -> 3 | C9: =MEDIAN(Participants!C16:C17) -> 4 | D9: =MEDIAN(Participants!D16:D17) -> 3 | E9: =MEDIAN(Participants!E16:E17) -> 3.5 | F9: =MEDIAN(Participants!F16:F17) -> 4 | G9: =MEDIAN(Participants!G16:G17) -> 3.5 | H9: =MEDIAN(Participants!H16:H17) -> 5
A10: 27 | B10: =MEDIAN(Participants!B18:B19) -> 3.5 | C10: =MEDIAN(Participants!C18:C19) -> 4 | D10: =MEDIAN(Participants!D18:D19) -> 4 | E10: =MEDIAN(Participants!E18:E19) -> 4 | F10: =MEDIAN(Participants!F18:F19) -> 4 | G10: =MEDIAN(Participants!G18:G19) -> 3.5 | H10: =MEDIAN(Participants!H18:H19) -> 4
A11: 26 | B11: =MEDIAN(Participants!B20:B21) -> 4.5 | C11: =MEDIAN(Participants!C20:C21) -> 4 | D11: =MEDIAN(Participants!D20:D21) -> 4 | E11: =MEDIAN(Participants!E20:E21) -> 5 | F11: =MEDIAN(Participants!F20:F21) -> 5 | G11: =MEDIAN(Participants!G20:G21) -> 3.5 | H11: =MEDIAN(Participants!H20:H21) -> 5
A12: 25 | B12: =MEDIAN(Participants!B22:B23) -> 3 | C12: =MEDIAN(Participants!C22:C23) -> 4 | D12: =MEDIAN(Participants!D22:D23) -> 4.5 | E12: =MEDIAN(Participants!E22:E23) -> 5 | F12: =MEDIAN(Participants!F22:F23) -> 3.5 | G12: =MEDIAN(Participants!G22:G23) -> 4 | H12: =MEDIAN(Participants!H22:H23) -> 4
A13: 24 | B13: =MEDIAN(Participants!B24:B25) -> 5 | C13: =MEDIAN(Participants!C24:C25) -> 4.5 | D13: =MEDIAN(Participants!D24:D25) -> 4.5 | E13: =MEDIAN(Participants!E24:E25) -> 5 | F13: =MEDIAN(Participants!F24:F25) -> 2 | G13: =MEDIAN(Participants!G24:G25) -> 4 | H13: =MEDIAN(Participants!H24:H25) -> 5
A14: 23 | B14: =MEDIAN(Participants!B26:B27) -> 4 | C14: =MEDIAN(Participants!C26:C27) -> 3.5 | D14: =MEDIAN(Participants!D26:D27) -> 3 | E14: =MEDIAN(Participants!E26:E27) -> 4 | F14: =MEDIAN(Participants!F26:F27) -> 3.5 | G14: =MEDIAN(Participants!G26:G27) -> 3.5 | H14: =MEDIAN(Participants!H26:H27) -> 4.5
A15: 22 | B15: =MEDIAN(Participants!B28:B29) -> 4.5 | C15: =MEDIAN(Participants!C28:C29) -> 4.5 | D15: =MEDIAN(Participants!D28:D29) -> 4.5 | E15: =MEDIAN(Participants!E28:E29) -> 5 | F15: =MEDIAN(Participants!F28:F29) -> 4.5 | G15: =MEDIAN(Participants!G28:G29) -> 4.5 | H15: =MEDIAN(Participants!H28:H29) -> 5
A16: 21 | B16: =MEDIAN(Participants!B30:B31) -> 4.5 | C16: =MEDIAN(Participants!C30:C31) -> 3.5 | D16: =MEDIAN(Participants!D30:D31) -> 3.5 | E16: =MEDIAN(Participants!E30:E31) -> 4.5 | F16: =MEDIAN(Participants!F30:F31) -> 3.5 | G16: =MEDIAN(Participants!G30:G31) -> 4 | H16: =MEDIAN(Participants!H30:H31) -> 5
A17: 20 | B17: =MEDIAN(Participants!B32:B33) -> 4.5 | C17: =MEDIAN(Participants!C32:C33) -> 4.5 | D17: =MEDIAN(Participants!D32:D33) -> 4.5 | E17: =MEDIAN(Participants!E32:E33) -> 4 | F17: =MEDIAN(Participants!F32:F33) -> 2.5 | G17: =MEDIAN(Participants!G32:G33) -> 4 | H17: =MEDIAN(Participants!H32:H33) -> 5
A18: 19 | B18: =MEDIAN(Participants!B34:B35) -> 5 | C18: =MEDIAN(Participants!C34:C35) -> 4.5 | D18: =MEDIAN(Participants!D34:D35) -> 2 | E18: =MEDIAN(Participants!E34:E35) -> 5 | F18: =MEDIAN(Participants!F34:F35) -> 5 | G18: =MEDIAN(Participants!G34:G35) -> 5 | H18: =MEDIAN(Participants!H34:H35) -> 5
A19: 18 | B19: =MEDIAN(Participants!B36:B37) -> 5 | C19: =MEDIAN(Participants!C36:C37) -> 5 | D19: =MEDIAN(Participants!D36:D37) -> 3 | E19: =MEDIAN(Participants!E36:E37) -> 5 | F19: =MEDIAN(Participants!F36:F37) -> 4 | G19: =MEDIAN(Participants!G36:G37) -> 3.5 | H19: =MEDIAN(Participants!H36:H37) -> 5
A20: 17 | B20: =MEDIAN(Participants!B38:B39) -> 2 | C20: =MEDIAN(Participants!C38:C39) -> 4.5 | D20: =MEDIAN(Participants!D38:D39) -> 4.5 | E20: =MEDIAN(Participants!E38:E39) -> 5 | F20: =MEDIAN(Participants!F38:F39) -> 3.5 | G20: =MEDIAN(Participants!G38:G39) -> 4.5 | H20: =MEDIAN(Participants!H38:H39) -> 5
A21: 16 | B21: =MEDIAN(Participants!B40:B41) -> 4 | C21: =MEDIAN(Participants!C40:C41) -> 3.5 | D21: =MEDIAN(Participants!D40:D41) -> 2.5 | E21: =MEDIAN(Participants!E40:E41) -> 4.5 | F21: =MEDIAN(Participants!F40:F41) -> 4 | G21: =MEDIAN(Participants!G40:G41) -> 2.5 | H21: =MEDIAN(Participants!H40:H41) -> 3.5
A22: 15 | B22: =MEDIAN(Participants!B42:B43) -> 4 | C22: =MEDIAN(Participants!C42:C43) -> 3 | D22: =MEDIAN(Participants!D42:D43) -> 3.5 | E22: =MEDIAN(Participants!E42:E43) -> 4 | F22: =MEDIAN(Participants!F42:F43) -> 3.5 | G22: =MEDIAN(Participants!G42:G43) -> 4 | H22: =MEDIAN(Participants!H42:H43) -> 4
A23: 14 | B23: =MEDIAN(Participants!B44:B45) -> 2.5 | C23: =MEDIAN(Participants!C44:C45) -> 2.5 | D23: =MEDIAN(Participants!D44:D45) -> 3 | E23: =MEDIAN(Participants!E44:E45) -> 4 | F23: =MEDIAN(Participants!F44:F45) -> 4 | G23: =MEDIAN(Participants!G44:G45) -> 2.5 | H23: =MEDIAN(Participants!H44:H45) -> 4
A24: 13 | B24: =MEDIAN(Participants!B46:B47) -> 3.5 | C24: =MEDIAN(Participants!C46:C47) -> 4 | D24: =MEDIAN(Participants!D46:D47) -> 3.5 | E24: =MEDIAN(Participants!E46:E47) -> 2.5 | F24: =MEDIAN(Participants!F46:F47) -> 1.5 | G24: =MEDIAN(Participants!G46:G47) -> 2 | H24: =MEDIAN(Participants!H46:H47) -> 4.5
A25: 12 | B25: =MEDIAN(Participants!B48:B49) -> 4.5 | C25: =MEDIAN(Participants!C48:C49) -> 4 | D25: =MEDIAN(Participants!D48:D49) -> 4.5 | E25: =MEDIAN(Participants!E48:E49) -> 4.5 | F25: =MEDIAN(Participants!F48:F49) -> 3.5 | G25: =MEDIAN(Participants!G48:G49) -> 5 | H25: =MEDIAN(Participants!H48:H49) -> 5
A26: 11 | B26: =MEDIAN(Participants!B50:B51) -> 4.5 | C26: =MEDIAN(Participants!C50:C51) -> 4.5 | D26: =MEDIAN(Participants!D50:D51) -> 3.5 | E26: =MEDIAN(Participants!E50:E51) -> 4.5 | F26: =MEDIAN(Participants!F50:F51) -> 4 | G26: =MEDIAN(Participants!G50:G51) -> 3.5 | H26: =MEDIAN(Participants!H50:H51) -> 4.5
A27: 10 | B27: =MEDIAN(Participants!B52:B53) -> 4.5 | C27: =MEDIAN(Participants!C52:C53) -> 3.5 | D27: =MEDIAN(Participants!D52:D53) -> 4.5 | E27: =MEDIAN(Participants!E52:E53) -> 4.5 | F27: =MEDIAN(Participants!F52:F53) -> 3.5 | G27: =MEDIAN(Participants!G52:G53) -> 3.5 | H27: =MEDIAN(Participants!H52:H53) -> 5
A28: 09 | B28: =MEDIAN(Participants!B54:B55) -> 4.5 | C28: =MEDIAN(Participants!C54:C55) -> 2.5 | D28: =MEDIAN(Participants!D54:D55) -> 3 | E28: =MEDIAN(Participants!E54:E55) -> 4 | F28: =MEDIAN(Participants!F54:F55) -> 5 | G28: =MEDIAN(Participants!G54:G55) -> 3.5 | H28: =MEDIAN(Participants!H54:H55) -> 4
A29: 08 | B29: =MEDIAN(Participants!B56:B57) -> 3.5 | C29: =MEDIAN(Participants!C56:C57) -> 3 | D29: =MEDIAN(Participants!D56:D57) -> 4.5 | E29: =MEDIAN(Participants!E56:E57) -> 4 | F29: =MEDIAN(Participants!F56:F57) -> 3 | G29: =MEDIAN(Participants!G56:G57) -> 3.5 | H29: =MEDIAN(Participants!H56:H57) -> 4
A30: 07 | B30: =MEDIAN(Participants!B58:B59) -> 4.5 | C30: =MEDIAN(Participants!C58:C59) -> 4.5 | D30: =MEDIAN(Participants!D58:D59) -> 3.5 | E30: =MEDIAN(Participants!E58:E59) -> 4.5 | F30: =MEDIAN(Participants!F58:F59) -> 3.5 | G30: =MEDIAN(Participants!G58:G59) -> 3.5 | H30: =MEDIAN(Participants!H58:H59) -> 5
A31: 06 | B31: =MEDIAN(Participants!B60:B61) -> 4 | C31: =MEDIAN(Participants!C60:C61) -> 4 | D31: =MEDIAN(Participants!D60:D61) -> 4 | E31: =MEDIAN(Participants!E60:E61) -> 4 | F31: =MEDIAN(Participants!F60:F61) -> 3.5 | G31: =MEDIAN(Participants!G60:G61) -> 3 | H31: =MEDIAN(Participants!H60:H61) -> 4
A32: 05 | B32: =MEDIAN(Participants!B62:B63) -> 4.5 | C32: =MEDIAN(Participants!C62:C63) -> 4 | D32: =MEDIAN(Participants!D62:D63) -> 2.5 | E32: =MEDIAN(Participants!E62:E63) -> 4 | F32: =MEDIAN(Participants!F62:F63) -> 1 | G32: =MEDIAN(Participants!G62:G63) -> 4.5 | H32: =MEDIAN(Participants!H62:H63) -> 5
A33: 04 | B33: =MEDIAN(Participants!B64:B65) -> 4.5 | C33: =MEDIAN(Participants!C64:C65) -> 4.5 | D33: =MEDIAN(Participants!D64:D65) -> 4.5 | E33: =MEDIAN(Participants!E64:E65) -> 4.5 | F33: =MEDIAN(Participants!F64:F65) -> 4 | G33: =MEDIAN(Participants!G64:G65) -> 4.5 | H33: =MEDIAN(Participants!H64:H65) -> 4.5
A34: 03 | B34: =MEDIAN(Participants!B66:B67) -> 4.5 | C34: =MEDIAN(Participants!C66:C67) -> 4 | D34: =MEDIAN(Participants!D66:D67) -> 3 | E34: =MEDIAN(Participants!E66:E67) -> 4.5 | F34: =MEDIAN(Participants!F66:F67) -> 4.5 | G34: =MEDIAN(Participants!G66:G67) -> 3.5 | H34: =MEDIAN(Participants!H66:H67) -> 5
A35: 02 | B35: =MEDIAN(Participants!B68:B69) -> 4.5 | C35: =MEDIAN(Participants!C68:C69) -> 4 | D35: =MEDIAN(Participants!D68:D69) -> 4 | E35: =MEDIAN(Participants!E68:E69) -> 4.5 | F35: =MEDIAN(Participants!F68:F69) -> 3.5 | G35: =MEDIAN(Participants!G68:G69) -> 4 | H35: =MEDIAN(Participants!H68:H69) -> 5
A36: 01 | B36: =MEDIAN(Participants!B70:B71) -> 3.5 | C36: =MEDIAN(Participants!C70:C71) -> 3.5 | D36: =MEDIAN(Participants!D70:D71) -> 3 | E36: =MEDIAN(Participants!E70:E71) -> 4 | F36: =MEDIAN(Participants!F70:F71) -> 3 | G36: =MEDIAN(Participants!G70:G71) -> 3.5 | H36: =MEDIAN(Participants!H70:H71) -> 4
B38: =AVERAGE(DyadScoresTable[Q1]) -> 4.0571429 | C38: =AVERAGE(DyadScoresTable[Q2]) -> 3.9428571 | D38: =AVERAGE(DyadScoresTable[Q3]) -> 3.6571429 | E38: =AVERAGE(DyadScoresTable[Q4]) -> 4.2857143 | F38: =AVERAGE(DyadScoresTable[Q5]) -> 3.4857143 | G38: =AVERAGE(DyadScoresTable[Q6]) -> 3.7571429 | H38: =AVERAGE(DyadScoresTable[Q7]) -> 4.6
B39: =STDEVA(DyadScoresTable[Q1]) -> 0.75509474 | C39: =STDEVA(DyadScoresTable[Q2]) -> 0.60356086 | D39: =STDEVA(DyadScoresTable[Q3]) -> 0.73536134 | E39: =STDEVA(DyadScoresTable[Q4]) -> 0.57247803 | F39: =STDEVA(DyadScoresTable[Q5]) -> 0.94313085 | G39: =STDEVA(DyadScoresTable[Q6]) -> 0.6683103 | H39: =STDEVA(DyadScoresTable[Q7]) -> 0.45048993

Sheet Absolute disagreement
A1: Dyad | B1: Q1 | C1: Q2 | D1: Q3 | E1: Q4 | F1: Q5 | G1: Q6 | H1: Q7
A2: 35 | B2: =ABS(Participants!B2-Participants!B3) -> 2 | C2: =ABS(Participants!C2-Participants!C3) -> 1 | D2: =ABS(Participants!D2-Participants!D3) -> 1 | E2: =ABS(Participants!E2-Participants!E3) -> 1 | F2: =ABS(Participants!F2-Participants!F3) -> 2 | G2: =ABS(Participants!G2-Participants!G3) -> 0 | H2: =ABS(Participants!H2-Participants!H3) -> 1
A3: 34 | B3: =ABS(Participants!B4-Participants!B5) -> 1 | C3: =ABS(Participants!C4-Participants!C5) -> 0 | D3: =ABS(Participants!D4-Participants!D5) -> 0 | E3: =ABS(Participants!E4-Participants!E5) -> 1 | F3: =ABS(Participants!F4-Participants!F5) -> 1 | G3: =ABS(Participants!G4-Participants!G5) -> 1 | H3: =ABS(Participants!H4-Participants!H5) -> 1
A4: 33 | B4: =ABS(Participants!B6-Participants!B7) -> 1 | C4: =ABS(Participants!C6-Participants!C7) -> 0 | D4: =ABS(Participants!D6-Participants!D7) -> 1 | E4: =ABS(Participants!E6-Participants!E7) -> 0 | F4: =ABS(Participants!F6-Participants!F7) -> 1 | G4: =ABS(Participants!G6-Participants!G7) -> 1 | H4: =ABS(Participants!H6-Participants!H7) -> 0
A5: 32 | B5: =ABS(Participants!B8-Participants!B9) -> 3 | C5: =ABS(Participants!C8-Participants!C9) -> 2 | D5: =ABS(Participants!D8-Participants!D9) -> 1 | E5: =ABS(Participants!E8-Participants!E9) -> 0 | F5: =ABS(Participants!F8-Participants!F9) -> 1 | G5: =ABS(Participants!G8-Participants!G9) -> 0 | H5: =ABS(Participants!H8-Participants!H9) -> 1
A6: 31 | B6: =ABS(Participants!B10-Participants!B11) -> 2 | C6: =ABS(Participants!C10-Participants!C11) -> 1 | D6: =ABS(Participants!D10-Participants!D11) -> 1 | E6: =ABS(Participants!E10-Participants!E11) -> 1 | F6: =ABS(Participants!F10-Participants!F11) -> 0 | G6: =ABS(Participants!G10-Participants!G11) -> 1 | H6: =ABS(Participants!H10-Participants!H11) -> 1
A7: 30 | B7: =ABS(Participants!B12-Participants!B13) -> 0 | C7: =ABS(Participants!C12-Participants!C13) -> 1 | D7: =ABS(Participants!D12-Participants!D13) -> 1 | E7: =ABS(Participants!E12-Participants!E13) -> 1 | F7: =ABS(Participants!F12-Participants!F13) -> 0 | G7: =ABS(Participants!G12-Participants!G13) -> 0 | H7: =ABS(Participants!H12-Participants!H13) -> 0
A8: 29 | B8: =ABS(Participants!B14-Participants!B15) -> 3 | C8: =ABS(Participants!C14-Participants!C15) -> 0 | D8: =ABS(Participants!D14-Participants!D15) -> 1 | E8: =ABS(Participants!E14-Participants!E15) -> 1 | F8: =ABS(Participants!F14-Participants!F15) -> 1 | G8: =ABS(Participants!G14-Participants!G15) -> 0 | H8: =ABS(Participants!H14-Participants!H15) -> 1
A9: 28 | B9: =ABS(Participants!B16-Participants!B17) -> 2 | C9: =ABS(Participants!C16-Participants!C17) -> 0 | D9: =ABS(Participants!D16-Participants!D17) -> 2 | E9: =ABS(Participants!E16-Participants!E17) -> 1 | F9: =ABS(Participants!F16-Participants!F17) -> 0 | G9: =ABS(Participants!G16-Participants!G17) -> 1 | H9: =ABS(Participants!H16-Participants!H17) -> 0
A10: 27 | B10: =ABS(Participants!B18-Participants!B19) -> 1 | C10: =ABS(Participants!C18-Participants!C19) -> 2 | D10: =ABS(Participants!D18-Participants!D19) -> 0 | E10: =ABS(Participants!E18-Participants!E19) -> 0 | F10: =ABS(Participants!F18-Participants!F19) -> 0 | G10: =ABS(Participants!G18-Participants!G19) -> 1 | H10: =ABS(Participants!H18-Participants!H19) -> 0
A11: 26 | B11: =ABS(Participants!B20-Participants!B21) -> 1 | C11: =ABS(Participants!C20-Participants!C21) -> 0 | D11: =ABS(Participants!D20-Participants!D21) -> 0 | E11: =ABS(Participants!E20-Participants!E21) -> 0 | F11: =ABS(Participants!F20-Participants!F21) -> 0 | G11: =ABS(Participants!G20-Participants!G21) -> 1 | H11: =ABS(Participants!H20-Participants!H21) -> 0
A12: 25 | B12: =ABS(Participants!B22-Participants!B23) -> 2 | C12: =ABS(Participants!C22-Participants!C23) -> 0 | D12: =ABS(Participants!D22-Participants!D23) -> 1 | E12: =ABS(Participants!E22-Participants!E23) -> 0 | F12: =ABS(Participants!F22-Participants!F23) -> 1 | G12: =ABS(Participants!G22-Participants!G23) -> 0 | H12: =ABS(Participants!H22-Participants!H23) -> 0
A13: 24 | B13: =ABS(Participants!B24-Participants!B25) -> 0 | C13: =ABS(Participants!C24-Participants!C25) -> 1 | D13: =ABS(Participants!D24-Participants!D25) -> 1 | E13: =ABS(Participants!E24-Participants!E25) -> 0 | F13: =ABS(Participants!F24-Participants!F25) -> 0 | G13: =ABS(Participants!G24-Participants!G25) -> 2 | H13: =ABS(Participants!H24-Participants!H25) -> 0
A14: 23 | B14: =ABS(Participants!B26-Participants!B27) -> 0 | C14: =ABS(Participants!C26-Participants!C27) -> 1 | D14: =ABS(Participants!D26-Participants!D27) -> 0 | E14: =ABS(Participants!E26-Participants!E27) -> 0 | F14: =ABS(Participants!F26-Participants!F27) -> 1 | G14: =ABS(Participants!G26-Participants!G27) -> 1 | H14: =ABS(Participants!H26-Participants!H27) -> 1
A15: 22 | B15: =ABS(Participants!B28-Participants!B29) -> 1 | C15: =ABS(Participants!C28-Participants!C29) -> 1 | D15: =ABS(Participants!D28-Participants!D29) -> 1 | E15: =ABS(Participants!E28-Participants!E29) -> 0 | F15: =ABS(Participants!F28-Participants!F29) -> 1 | G15: =ABS(Participants!G28-Participants!G29) -> 1 | H15: =ABS(Participants!H28-Participants!H29) -> 0
A16: 21 | B16: =ABS(Participants!B30-Participants!B31) -> 1 | C16: =ABS(Participants!C30-Participants!C31) -> 1 | D16: =ABS(Participants!D30-Participants!D31) -> 1 | E16: =ABS(Participants!E30-Participants!E31) -> 1 | F16: =ABS(Participants!F30-Participants!F31) -> 3 | G16: =ABS(Participants!G30-Participants!G31) -> 0 | H16: =ABS(Participants!H30-Participants!H31) -> 0
A17: 20 | B17: =ABS(Participants!B32-Participants!B33) -> 1 | C17: =ABS(Participants!C32-Participants!C33) -> 1 | D17: =ABS(Participants!D32-Participants!D33) -> 1 | E17: =ABS(Participants!E32-Participants!E33) -> 0 | F17: =ABS(Participants!F32-Participants!F33) -> 1 | G17: =ABS(Participants!G32-Participants!G33) -> 2 | H17: =ABS(Participants!H32-Participants!H33) -> 0
A18: 19 | B18: =ABS(Participants!B34-Participants!B35) -> 0 | C18: =ABS(Participants!C34-Participants!C35) -> 1 | D18: =ABS(Participants!D34-Participants!D35) -> 0 | E18: =ABS(Participants!E34-Participants!E35) -> 0 | F18: =ABS(Participants!F34-Participants!F35) -> 0 | G18: =ABS(Participants!G34-Participants!G35) -> 0 | H18: =ABS(Participants!H34-Participants!H35) -> 0
A19: 18 | B19: =ABS(Participants!B36-Participants!B37) -> 0 | C19: =ABS(Participants!C36-Participants!C37) -> 0 | D19: =ABS(Participants!D36-Participants!D37) -> 0 | E19: =ABS(Participants!E36-Participants!E37) -> 0 | F19: =ABS(Participants!F36-Participants!F37) -> 0 | G19: =ABS(Participants!G36-Participants!G37) -> 1 | H19: =ABS(Participants!H36-Participants!H37) -> 0
A20: 17 | B20: =ABS(Participants!B38-Participants!B39) -> 0 | C20: =ABS(Participants!C38-Participants!C39) -> 1 | D20: =ABS(Participants!D38-Participants!D39) -> 1 | E20: =ABS(Participants!E38-Participants!E39) -> 0 | F20: =ABS(Participants!F38-Participants!F39) -> 1 | G20: =ABS(Participants!G38-Participants!G39) -> 1 | H20: =ABS(Participants!H38-Participants!H39) -> 0
A21: 16 | B21: =ABS(Participants!B40-Participants!B41) -> 2 | C21: =ABS(Participants!C40-Participants!C41) -> 1 | D21: =ABS(Participants!D40-Participants!D41) -> 1 | E21: =ABS(Participants!E40-Participants!E41) -> 1 | F21: =ABS(Participants!F40-Participants!F41) -> 0 | G21: =ABS(Participants!G40-Participants!G41) -> 1 | H21: =ABS(Participants!H40-Participants!H41) -> 1
A22: 15 | B22: =ABS(Participants!B42-Participants!B43) -> 0 | C22: =ABS(Participants!C42-Participants!C43) -> 0 | D22: =ABS(Participants!D42-Participants!D43) -> 1 | E22: =ABS(Participants!E42-Participants!E43) -> 0 | F22: =ABS(Participants!F42-Participants!F43) -> 1 | G22: =ABS(Participants!G42-Participants!G43) -> 0 | H22: =ABS(Participants!H42-Participants!H43) -> 0
A23: 14 | B23: =ABS(Participants!B44-Participants!B45) -> 1 | C23: =ABS(Participants!C44-Participants!C45) -> 1 | D23: =ABS(Participants!D44-Participants!D45) -> 2 | E23: =ABS(Participants!E44-Participants!E45) -> 0 | F23: =ABS(Participants!F44-Participants!F45) -> 0 | G23: =ABS(Participants!G44-Participants!G45) -> 1 | H23: =ABS(Participants!H44-Participants!H45) -> 0
A24: 13 | B24: =ABS(Participants!B46-Participants!B47) -> 1 | C24: =ABS(Participants!C46-Participants!C47) -> 0 | D24: =ABS(Participants!D46-Participants!D47) -> 1 | E24: =ABS(Participants!E46-Participants!E47) -> 3 | F24: =ABS(Participants!F46-Participants!F47) -> 1 | G24: =ABS(Participants!G46-Participants!G47) -> 2 | H24: =ABS(Participants!H46-Participants!H47) -> 1
A25: 12 | B25: =ABS(Participants!B48-Participants!B49) -> 1 | C25: =ABS(Participants!C48-Participants!C49) -> 0 | D25: =ABS(Participants!D48-Participants!D49) -> 1 | E25: =ABS(Participants!E48-Participants!E49) -> 1 | F25: =ABS(Participants!F48-Participants!F49) -> 1 | G25: =ABS(Participants!G48-Participants!G49) -> 0 | H25: =ABS(Participants!H48-Participants!H49) -> 0
A26: 11 | B26: =ABS(Participants!B50-Participants!B51) -> 1 | C26: =ABS(Participants!C50-Participants!C51) -> 1 | D26: =ABS(Participants!D50-Participants!D51) -> 1 | E26: =ABS(Participants!E50-Participants!E51) -> 1 | F26: =ABS(Participants!F50-Participants!F51) -> 0 | G26: =ABS(Participants!G50-Participants!G51) -> 1 | H26: =ABS(Participants!H50-Participants!H51) -> 1
A27: 10 | B27: =ABS(Participants!B52-Participants!B53) -> 1 | C27: =ABS(Participants!C52-Participants!C53) -> 1 | D27: =ABS(Participants!D52-Participants!D53) -> 1 | E27: =ABS(Participants!E52-Participants!E53) -> 1 | F27: =ABS(Participants!F52-Participants!F53) -> 1 | G27: =ABS(Participants!G52-Participants!G53) -> 1 | H27: =ABS(Participants!H52-Participants!H53) -> 0
A28: 09 | B28: =ABS(Participants!B54-Participants!B55) -> 1 | C28: =ABS(Participants!C54-Participants!C55) -> 1 | D28: =ABS(Participants!D54-Participants!D55) -> 2 | E28: =ABS(Participants!E54-Participants!E55) -> 0 | F28: =ABS(Participants!F54-Participants!F55) -> 0 | G28: =ABS(Participants!G54-Participants!G55) -> 1 | H28: =ABS(Participants!H54-Participants!H55) -> 0
A29: 08 | B29: =ABS(Participants!B56-Participants!B57) -> 1 | C29: =ABS(Participants!C56-Participants!C57) -> 0 | D29: =ABS(Participants!D56-Participants!D57) -> 1 | E29: =ABS(Participants!E56-Participants!E57) -> 0 | F29: =ABS(Participants!F56-Participants!F57) -> 0 | G29: =ABS(Participants!G56-Participants!G57) -> 1 | H29: =ABS(Participants!H56-Participants!H57) -> 0
A30: 07 | B30: =ABS(Participants!B58-Participants!B59) -> 1 | C30: =ABS(Participants!C58-Participants!C59) -> 1 | D30: =ABS(Participants!D58-Participants!D59) -> 1 | E30: =ABS(Participants!E58-Participants!E59) -> 1 | F30: =ABS(Participants!F58-Participants!F59) -> 3 | G30: =ABS(Participants!G58-Participants!G59) -> 1 | H30: =ABS(Participants!H58-Participants!H59) -> 0
A31: 06 | B31: =ABS(Participants!B60-Participants!B61) -> 0 | C31: =ABS(Participants!C60-Participants!C61) -> 0 | D31: =ABS(Participants!D60-Participants!D61) -> 0 | E31: =ABS(Participants!E60-Participants!E61) -> 0 | F31: =ABS(Participants!F60-Participants!F61) -> 1 | G31: =ABS(Participants!G60-Participants!G61) -> 0 | H31: =ABS(Participants!H60-Participants!H61) -> 0
A32: 05 | B32: =ABS(Participants!B62-Participants!B63) -> 1 | C32: =ABS(Participants!C62-Participants!C63) -> 0 | D32: =ABS(Participants!D62-Participants!D63) -> 1 | E32: =ABS(Participants!E62-Participants!E63) -> 0 | F32: =ABS(Participants!F62-Participants!F63) -> 0 | G32: =ABS(Participants!G62-Participants!G63) -> 1 | H32: =ABS(Participants!H62-Participants!H63) -> 0
A33: 04 | B33: =ABS(Participants!B64-Participants!B65) -> 1 | C33: =ABS(Participants!C64-Participants!C65) -> 1 | D33: =ABS(Participants!D64-Participants!D65) -> 1 | E33: =ABS(Participants!E64-Participants!E65) -> 1 | F33: =ABS(Participants!F64-Participants!F65) -> 0 | G33: =ABS(Participants!G64-Participants!G65) -> 1 | H33: =ABS(Participants!H64-Participants!H65) -> 1
A34: 03 | B34: =ABS(Participants!B66-Participants!B67) -> 1 | C34: =ABS(Participants!C66-Participants!C67) -> 0 | D34: =ABS(Participants!D66-Participants!D67) -> 0 | E34: =ABS(Participants!E66-Participants!E67) -> 1 | F34: =ABS(Participants!F66-Participants!F67) -> 1 | G34: =ABS(Participants!G66-Participants!G67) -> 1 | H34: =ABS(Participants!H66-Participants!H67) -> 0
A35: 02 | B35: =ABS(Participants!B68-Participants!B69) -> 1 | C35: =ABS(Participants!C68-Participants!C69) -> 2 | D35: =ABS(Participants!D68-Participants!D69) -> 2 | E35: =ABS(Participants!E68-Participants!E69) -> 1 | F35: =ABS(Participants!F68-Participants!F69) -> 1 | G35: =ABS(Participants!G68-Participants!G69) -> 2 | H35: =ABS(Participants!H68-Participants!H69) -> 0
A36: 01 | B36: =ABS(Participants!B70-Participants!B71) -> 1 | C36: =ABS(Participants!C70-Participants!C71) -> 1 | D36: =ABS(Participants!D70-Participants!D71) -> 2 | E36: =ABS(Participants!E70-Participants!E71) -> 0 | F36: =ABS(Participants!F70-Participants!F71) -> 0 | G36: =ABS(Participants!G70-Participants!G71) -> 1 | H36: =ABS(Participants!H70-Participants!H71) -> 2
A38: ave | B38: =AVERAGE(DyadDisagreementTable[Q1]) -> 1.0285714 | C38: =AVERAGE(DyadDisagreementTable[Q2]) -> 0.68571429 | D38: =AVERAGE(DyadDisagreementTable[Q3]) -> 0.91428571 | E38: =AVERAGE(DyadDisagreementTable[Q4]) -> 0.51428571 | F38: =AVERAGE(DyadDisagreementTable[Q5]) -> 0.68571429 | G38: =AVERAGE(DyadDisagreementTable[Q6]) -> 0.82857143 | H38: =AVERAGE(DyadDisagreementTable[Q7]) -> 0.34285714
A39: sd | B39: =STDEVA(DyadDisagreementTable[Q1]) -> 0.78537044 | C39: =STDEVA(DyadDisagreementTable[Q2]) -> 0.63112545 | D39: =STDEVA(DyadDisagreementTable[Q3]) -> 0.61220088 | E39: =STDEVA(DyadDisagreementTable[Q4]) -> 0.65849331 | F39: =STDEVA(DyadDisagreementTable[Q5]) -> 0.7959984 | G39: =STDEVA(DyadDisagreementTable[Q6]) -> 0.61766707 | H39: =STDEVA(DyadDisagreementTable[Q7]) -> 0.53921823

Sheet Notes
A1: Point | B1: Interpretation
A2: Dyad score | B2: For each item, the conventional median of two participant ratings equals their arithmetic mean.
A3: Example | B3: Ratings 3 and 5 produce median = 4 and mean = 4.
A4: Recommended use | B4: Use the dyad score as the overall dyad-level perception and retain the absolute A-B difference as a separate measure of within-dyad disagreement.
A5: Q5 | B5: Q5 is negatively worded. Reverse-code it only when constructing a positive overall interaction-quality composite; do not reverse it for item-level analyses.
